node,clustering_coeff
0,0
1,0.3333333333333333
2,0.1088911088911089
3,0.40476190476190477
4,0
5,0.5448275862068965
6,0.2913735653461681
7,0.4642857142857143
8,0.14285714285714285
9,0.36257309941520466
10,0.25
11,0.4573170731707317
12,0.3888888888888889
13,0
14,0.4095238095238095
15,0.2857142857142857
16,0.17567567567567569
17,0
18,0.6666666666666666
19,0.15555555555555556
20,0.31666666666666665
21,0.4308300395256917
22,0.16339869281045752
23,0.6666666666666666
24,0.1378048780487805
25,0.23636363636363636
26,0.15207207207207207
27,0.2868217054263566
28,0.35555555555555557
29,0.19924812030075187
30,0.32727272727272727
31,0.3732193732193732
32,1.0
33,0.1933028919330289
34,0
35,0.14638242894056847
36,0.1272463768115942
37,0.22317073170731708
38,0.09581646423751687
39,0
40,0.7166666666666667
41,0.4393939393939394
42,0.3333333333333333
43,0.2962962962962963
44,0.31216931216931215
45,0.1312341504649197
46,0.3516483516483517
47,0.47058823529411764
48,0.46842105263157896
49,0
50,0.5059288537549407
51,0.26354679802955666
52,0.42780748663101603
53,0.047619047619047616
54,0.48366013071895425
55,0.16883116883116883
56,0.41133004926108374
57,0.3179427235534775
58,0.6363636363636364
59,0.13395055648576776
60,0.15789473684210525
61,0.1462421325435024
62,0.14736164736164736
63,0.43686502177068215
64,0.2463768115942029
65,0.5
66,0.7575757575757576
67,0.07685425601229201
68,0.42857142857142855
69,0.5238095238095238
70,0.17641843971631205
71,0.6444444444444445
72,0.2
73,0.4
74,0.3292307692307692
75,0.2
76,0.3634408602150538
77,0.34210526315789475
78,0.25310734463276835
79,0.6515151515151515
80,0.391812865497076
81,0
82,0.38461538461538464
83,0.7142857142857143
84,0.4
85,0.1794871794871795
86,0.2770673486786019
87,0.14285714285714285
88,0.3945578231292517
89,0.15555555555555556
90,0.6666666666666666
91,0.3333333333333333
92,0.1292929292929293
93,0.6666666666666666
94,0.24885844748858446
95,0.2867383512544803
96,0.2857142857142857
97,0
98,0.16363636363636364
99,0.1
100,0.6
101,0.3273469387755102
102,0.17357458447296445
103,0.06692714692714692
104,0.4128787878787879
105,0.5333333333333333
106,0.16164453524004085
107,0.2766798418972332
108,0.4
109,0.33933933933933935
110,0.3111111111111111
111,0.44871794871794873
112,0
113,0.2938689217758985
114,0.25666666666666665
115,0.3202614379084967
116,0.24572253143681716
117,0.5238095238095238
118,0
119,0.03694581280788178
120,0.3428030303030303
121,0
122,0.10333333333333333
123,0.2
124,0.3077816492450639
125,0
126,0.3792172739541161
127,0.03901130510857466
128,0.5608465608465608
129,0.8333333333333334
130,0
131,0.2056451612903226
132,0.4421052631578947
133,0.48
134,0.35454545454545455
135,0.4666666666666667
136,0.9047619047619048
137,1.0
138,0.4444444444444444
139,0.3089663049685894
140,0.5
141,0.20341419586702605
142,0.5047619047619047
143,0.8095238095238095
144,0.5333333333333333
145,0
146,0.6842105263157895
147,0.18913426364991193
148,0.2857142857142857
149,0.3090909090909091
150,0.24272700558330884
151,0.2
152,0.48917748917748916
153,0.23544973544973544
154,0.3333333333333333
155,0.1857707509881423
156,0.2
157,0
158,0.40638606676342526
159,0.38095238095238093
160,0.5238095238095238
161,0.3572938689217759
162,0.27439024390243905
163,0.35956580732700133
164,0.43636363636363634
165,0
166,1.0
167,0.21313766596785463
168,1.0
169,0.8333333333333334
170,0.5614035087719298
171,1.0
172,0.8
173,0.2425595238095238
174,0.10186335403726708
175,0.14545454545454545
176,0.21134328358208956
177,0.06666666666666667
178,0.2
179,0.39492753623188404
180,0.23774283071230343
181,0
182,0.5463709677419355
183,0.4789473684210526
184,0.9047619047619048
185,0.25
186,0.25
187,0.5333333333333333
188,0.1603165216411816
189,0.3333333333333333
190,0.3299319727891156
191,0.3626373626373626
192,0.6017316017316018
193,0.2572463768115942
194,0.509090909090909
195,0.17206349206349206
196,0
197,0.04923206395960446
198,0.2957983193277311
199,0.5266666666666666
200,0
201,0.28090366581415177
202,0.47035573122529645
203,0.34545454545454546
204,0.2222222222222222
205,0.32700135685210313
206,0.38095238095238093
207,0.20449077786688052
208,0.37701149425287356
209,0.24242424242424243
210,0.14285714285714285
211,0.30628019323671496
212,0.12218045112781954
213,0.4696969696969697
214,0.2
215,0.5098522167487685
216,0.26884920634920634
217,0.25225225225225223
218,0
219,0.35294117647058826
220,0.3939393939393939
221,0.6515151515151515
222,0.3076923076923077
223,0.5555555555555556
224,0.29367866549604915
225,0.33497536945812806
226,0.20915032679738563
227,0.2895148669796557
228,0
229,0.25517241379310346
230,0.645021645021645
231,0.6084033613445378
232,0
233,0
234,0.4025974025974026
235,0.10909090909090909
236,0.5777777777777777
237,0.6386913229018493
238,0.5
239,0.6222222222222222
240,0.26666666666666666
241,0.3157894736842105
242,0.39869281045751637
243,0.391304347826087
244,0.17964970809007505
245,0.33903133903133903
246,0.631578947368421
247,0
248,0.5631578947368421
249,0.43768115942028984
250,0.2757475083056478
251,0
252,0.5
253,1.0
254,0.4139402560455192
255,0
256,0.32142857142857145
257,0.6666666666666666
258,0.08571428571428572
259,0.16666666666666666
260,0.1907979407979408
261,0.148488241881299
262,0.4473684210526316
263,0.6888888888888889
264,0.416389811738649
265,0.16689280868385345
266,0
267,0.18361344537815127
268,0
269,0.26666666666666666
270,0.4642857142857143
271,0.6373626373626373
272,0.16666666666666666
273,0.5
274,0.20890937019969277
275,0.23961904761904762
276,0
277,0.31666666666666665
278,0.3868092691622103
279,0.26666666666666666
280,0.5151515151515151
281,0.7333333333333333
282,0.5095238095238095
283,0.6212121212121212
284,0.3047619047619048
285,0.13793103448275862
286,0
287,0.0890902652588205
288,0
289,0.4060975609756098
290,0.05042732583235015
291,0.26875
292,0.6
293,0.24210526315789474
294,0.9
295,0.28888888888888886
296,0
297,0.40522875816993464
298,0.27801268498942916
299,0.40441176470588236
300,0.29
301,1.0
302,0.5
303,0
304,0.7090909090909091
305,0.07467574327634667
306,0.16861567635903918
307,0.44761904761904764
308,0.3526315789473684
309,0.36298701298701297
310,0.37630662020905925
311,0.5619047619047619
312,0.14285714285714285
313,0.6083333333333333
314,0
315,0.20858613715756572
316,0.42424242424242425
317,0.32954545454545453
318,0.08225538971807629
319,0.18210526315789474
320,0
321,0.3333333333333333
322,0.30303030303030304
323,0.4303030303030303
324,0.4334677419354839
325,0.4033333333333333
326,0.3333333333333333
327,0.4495967741935484
328,0.25757575757575757
329,1.0
330,0.3619047619047619
331,0.7916666666666666
332,0.22365591397849463
333,0.4727272727272727
334,0.3333333333333333
335,0.25333333333333335
336,0.2427536231884058
337,0.3646341463414634
338,0.48484848484848486
339,0.38461538461538464
340,0.4512820512820513
341,0.20869565217391303
342,0.26595744680851063
343,0.1286549707602339
344,0
345,0.4166666666666667
346,0
347,0.2857142857142857
348,0.23145071982281284
349,0.2080808080808081
350,0.1695906432748538
351,0.5138339920948617
352,0.2846153846153846
353,0.4365079365079365
354,0
355,0
356,0
357,0
358,0.19424037613870115
359,0.0967741935483871
360,0.4666666666666667
361,0.7309941520467836
362,0.4166666666666667
363,0.1858974358974359
364,0
365,0.5333333333333333
366,0.8095238095238095
367,0.4980237154150198
368,0.5
369,0.14328112708288637
370,0.32019704433497537
371,0.42857142857142855
372,0.30407801418439717
373,0.26108374384236455
374,0.7037037037037037
375,0.292358803986711
376,0.3722943722943723
377,0.26666666666666666
378,0.3
379,0.29411764705882354
380,0.26666666666666666
381,0.5333333333333333
382,0.4666666666666667
383,0.09047619047619047
384,0.25757575757575757
385,0.3333333333333333
386,0.21578947368421053
387,0.5333333333333333
388,0.2589371980676328
389,0.34615384615384615
390,0.5046153846153846
391,0.2454172366621067
392,0.32727272727272727
393,0.21428571428571427
394,0
395,0.20512820512820512
396,0.7619047619047619
397,0.5615942028985508
398,0.23714458560193588
399,0.5083333333333333
400,0.35177865612648224
401,0.6666666666666666
402,0.3983193277310924
403,0.3724696356275304
404,0.17366678285116766
405,0.6666666666666666
406,0.43636363636363634
407,0.3935897435897436
408,0.37777777777777777
409,0.32522474881015334
410,0.37142857142857144
411,0.2222222222222222
412,0.373015873015873
413,0.3282051282051282
414,0.30114942528735633
415,0.1854364540931705
416,0.16666666666666666
417,0.23308270676691728
418,0.26666666666666666
419,0.16363636363636364
420,0
421,0.14285714285714285
422,0.21501831501831503
423,0.2746212121212121
424,0.20241448692152916
425,0.4192176870748299
426,0.13956507627393702
427,0
428,0.10999890801878208
429,0.17535353535353534
430,0.16666666666666666
431,0.7454545454545455
432,0.18867924528301888
433,0.7352941176470589
434,0.6666666666666666
435,0.35507246376811596
436,0.45454545454545453
437,0.3333333333333333
438,0.14285714285714285
439,0.26
440,0.18135593220338983
441,0.19153439153439153
442,0.34615384615384615
443,0.3333333333333333
444,0.5416666666666666
445,0.43
446,0.04923076923076923
447,0.49407114624505927
448,0.18769230769230769
449,0
450,0.5
451,0.5066666666666667
452,0.1
453,0.43137254901960786
454,0.24761904761904763
455,0.07122067122067122
456,0.3333333333333333
457,0.25517241379310346
458,0.047619047619047616
459,0.1643835616438356
460,0.16161616161616163
461,0.6482213438735178
462,0.5541871921182266
463,0.5095238095238095
464,0
465,0.1708090957165521
466,0.4166666666666667
467,0.05823588906435758
468,0.25
469,0.36363636363636365
470,0.28237585199610515
471,0.09482758620689655
472,0.1970649895178197
473,0.7051282051282052
474,0
475,0.3888888888888889
476,0.13333333333333333
477,0.32976827094474154
478,0.14285714285714285
479,0.28835978835978837
480,0.3333333333333333
481,0.8333333333333334
482,0.3090909090909091
483,0.36
484,0.1
485,0.4166666666666667
486,0.3654485049833887
487,0.6666666666666666
488,0.04831398562741846
489,0.31103896103896106
490,0
491,0.2621765601217656
492,0.4559139784946237
493,0.1726315789473684
494,0.2916355489171023
495,0
496,0.07841978227673514
497,0.4857142857142857
498,0.6727272727272727
499,0.33483483483483484
500,1.0
501,0.29509713228492135
502,0.1469387755102041
503,0.3852813852813853
504,0.22869131917125624
505,0.35714285714285715
506,0.4727272727272727
507,0.39037927844588344
508,0.4
509,0.13333333333333333
510,0.6023391812865497
511,0.17647058823529413
512,0.3333333333333333
513,0.25547785547785545
514,0.23577235772357724
515,0.4642857142857143
516,0.45751633986928103
517,0.16666666666666666
518,0
519,0.26666666666666666
520,0.4566145092460882
521,0
522,0.22807017543859648
523,0.191025641025641
524,0.30618401206636503
525,0.13333333333333333
526,0.27293844367015097
527,0.26666666666666666
528,0.3077816492450639
529,0
530,0.17439772557234776
531,0
532,0
533,0.22580645161290322
534,0.5689655172413793
535,0.6666666666666666
536,0.29238181270701596
537,0.5357142857142857
538,0.4329004329004329
539,0.32979591836734695
540,0.21428571428571427
541,0.32967032967032966
542,0.8
543,0.44166666666666665
544,0
545,0.5
546,1.0
547,0.30039525691699603
548,0
549,0.39903381642512076
550,1.0
551,0.5841269841269842
552,0.3109292811221508
553,0.1388888888888889
554,0.36666666666666664
555,0.34782608695652173
556,1.0
557,0.0714920634920635
558,0.16666666666666666
559,0.46880570409982175
560,0.16056753980482794
561,0
562,0.15384615384615385
563,0.5555555555555556
564,0.3768768768768769
565,0.24742891712038717
566,0.08333333333333333
567,0.26509803921568625
568,0
569,0.3333333333333333
570,0.3333333333333333
571,0.7777777777777778
572,0.47619047619047616
573,0.4230769230769231
574,0.47435897435897434
575,0.3939393939393939
576,0.39166666666666666
577,0.1635062611806798
578,0.4666666666666667
579,0.38095238095238093
580,0.301994301994302
581,0.3046153846153846
582,0
583,0.08333333333333333
584,0.43137254901960786
585,0.5277777777777778
586,0.7857142857142857
587,0.2821256038647343
588,0
589,0.26666666666666666
590,0.2758985200845666
591,1.0
592,0.14333333333333334
593,0.26666666666666666
594,0.17777777777777778
595,0.19458128078817735
596,0.46153846153846156
597,0.5111111111111111
598,0.3933333333333333
599,0.3994708994708995
600,1.0
601,0.2532369768142126
602,0.25846153846153846
603,0.34545454545454546
604,0.2876543209876543
605,0.21746880570409982
606,0
607,0.5367647058823529
608,0.2670474212530287
609,0.28888888888888886
610,0.45652173913043476
611,0.41846153846153844
612,0.49523809523809526
613,0.28
614,0
615,0.3389830508474576
616,0
617,0.06666666666666667
618,0.05555555555555555
619,0.4
620,1.0
621,0.3888888888888889
622,0.09725490196078432
623,0.3709677419354839
624,0.2867647058823529
625,0.41818181818181815
626,0
627,0.5333333333333333
628,0.1409713574097136
629,0.46153846153846156
630,0.26105442176870747
631,0.4028520499108734
632,0.29523809523809524
633,0.8333333333333334
634,1.0
635,0.2857142857142857
636,0.17543859649122806
637,0.2175084175084175
638,0.2857142857142857
639,0.2631578947368421
640,0.4576719576719577
641,0.20500438981562774
642,0.9285714285714286
643,0.5333333333333333
644,0.6333333333333333
645,0.3200290275761974
646,0
647,0.42857142857142855
648,0.08888888888888889
649,0.2951923076923077
650,0.23376623376623376
651,0.06666666666666667
652,0.1
653,0.08571428571428572
654,0.16955187231430324
655,0
656,0.11805775944144715
657,0.25675675675675674
658,0.5333333333333333
659,0.2574712643678161
660,0
661,0.2474600870827286
662,0.7
663,0.4642857142857143
664,0.19230769230769232
665,0.6909090909090909
666,0.15268817204301074
667,0
668,0.8
669,0.11537688442211055
670,0.16666666666666666
671,0.7
672,0.3333333333333333
673,0.38095238095238093
674,0.3593073593073593
675,0.3162878787878788
676,0.6421052631578947
677,0.30319148936170215
678,0.4
679,0.28900709219858156
680,0.14285714285714285
681,0.21333333333333335
682,0.07473377767563012
683,0.27040816326530615
684,0.5
685,0.32727272727272727
686,0.12605042016806722
687,0
688,0.2728802861350726
689,0.1967835381080811
690,0.40441176470588236
691,0.2233285917496444
692,0.3090909090909091
693,0
694,0
695,0
696,0.4131313131313131
697,0.3333333333333333
698,0.12281669424526567
699,0.35053763440860214
700,0.5
701,0.3171768707482993
702,0.4642857142857143
703,0.5274725274725275
704,0.45320197044334976
705,0.3142857142857143
706,0.30303030303030304
707,0.23809523809523808
708,0.4
709,0.5
710,0
711,0.4
712,0.32657004830917874
713,0.42857142857142855
714,0
715,0.3064516129032258
716,0.26248548199767713
717,0.17543484459652126
718,0.5
719,0.8333333333333334
720,0.37606837606837606
721,0
722,0
723,0
724,0
725,0.10840824960338445
726,0.2966751918158568
727,1.0
728,0.5
729,0
730,0.5666666666666667
731,0.41935483870967744
732,0.28045977011494255
733,0.5606060606060606
734,0.5
735,0.4
736,0.7
737,0.14285714285714285
738,0.22696177062374245
739,0
740,1.0
741,0.6666666666666666
742,0.4065934065934066
743,0.2855543113101904
744,0.5064935064935064
745,0.19130434782608696
746,0.46096096096096095
747,0.19969135802469135
748,0.4238095238095238
749,0.35714285714285715
750,0.46320346320346323
751,0.10101257553486853
752,0.25546218487394956
753,0.28792912513842744
754,0.3047619047619048
755,0.3888888888888889
756,0
757,0.3353846153846154
758,0.34615384615384615
759,0.2827586206896552
760,1.0
761,0.3333333333333333
762,0.16666666666666666
763,0.3415384615384615
764,0.2632135306553911
765,0.3588709677419355
766,0.2833333333333333
767,0.30437710437710436
768,0.20512820512820512
769,0.1876750700280112
770,0
771,0.2
772,0
773,0.2
774,0
775,0.2909090909090909
776,0.19047619047619047
777,0.1599492461561427
778,0.3333333333333333
779,0.2087912087912088
780,0.2727272727272727
781,0.06086883666373424
782,0.4
783,0.4444444444444444
784,0.2219401248280969
785,0.3699788583509514
786,0.21097560975609755
787,0.38181818181818183
788,0
789,0.5454545454545454
790,0.4421052631578947
791,1.0
792,0.33428165007112376
793,0.4358974358974359
794,0.23076923076923078
795,0.6
796,0.26666666666666666
797,0.2
798,0.14035087719298245
799,0.4583333333333333
800,0
801,0.6397058823529411
802,0.5494505494505495
803,0.23636363636363636
804,0
805,0.6021021021021021
806,0.14939088061260006
807,0.4672268907563025
808,0
809,0.024630541871921183
810,0.28205128205128205
811,0.41911764705882354
812,0.3380952380952381
813,1.0
814,0.10242825607064018
815,0.3612078977932636
816,0.2858974358974359
817,0.290814670561506
818,0.41534391534391535
819,0.1737891737891738
820,0.41818181818181815
821,0.29951923076923076
822,0.3333333333333333
823,0.14271151885830785
824,0.3247863247863248
825,0
826,0.2727272727272727
827,0.24802458296751537
828,0.30598410472183263
829,0.34460887949260044
830,0.391812865497076
831,0.543859649122807
832,0.41830065359477125
833,0
834,0.3333333333333333
835,0.4230769230769231
836,0.6256410256410256
837,0
838,0.48188405797101447
839,0.17777777777777778
840,0.34402852049910876
841,0.26666666666666666
842,0.6428571428571429
843,0.46546546546546547
844,0.22727272727272727
845,0.19047619047619047
846,0.3
847,0.2777777777777778
848,0.47058823529411764
849,0.1388888888888889
850,0.17069701280227595
851,0.38421052631578945
852,0.30634278002699056
853,0.38461538461538464
854,0.45454545454545453
855,0.43859649122807015
856,0.16483516483516483
857,0.24338624338624337
858,0.5384615384615384
859,0.13333333333333333
860,0.46153846153846156
861,0.1111111111111111
862,0.11221507890122735
863,0.11702127659574468
864,0.36585365853658536
865,0
866,0.13160054719562245
867,0.4619883040935672
868,0.12781077102685143
869,0.15787728026533995
870,0.30903954802259886
871,0.16666666666666666
872,0.8
873,0.3333333333333333
874,0.48615384615384616
875,0.28888888888888886
876,0.5256410256410257
877,0.3076923076923077
878,0.26450742240215924
879,0.20824524312896406
880,0.08909403177329325
881,0.2601330913490623
882,0.45454545454545453
883,0.3951219512195122
884,0.383399209486166
885,0.4064039408866995
886,0.5289855072463768
887,0.2838709677419355
888,0.38064516129032255
889,0.43956043956043955
890,0.8
891,0.34210526315789475
892,0.4665718349928876
893,0.10074753652735303
894,0.10742369718779154
895,0.22134387351778656
896,0.45849802371541504
897,0.06666666666666667
898,0.28078817733990147
899,0.1467032967032967
900,0
901,0
902,0.22988505747126436
903,0.6838235294117647
904,0.35555555555555557
905,0.24356499356499356
906,0.18333333333333332
907,0.3787878787878788
908,0.35213032581453635
909,0.575
910,0.4117647058823529
911,0.23478260869565218
912,0.26855600539811064
913,0.2746478873239437
914,0.08771929824561403
915,0.4909090909090909
916,0.4485294117647059
917,0.38421052631578945
918,0.5714285714285714
919,0.21666666666666667
920,0.21839080459770116
921,0.6842105263157895
922,0.06666666666666667
923,0.23784994400895856
924,0.35327635327635326
925,0.43722943722943725
926,0.19444444444444445
927,0.19444444444444445
928,0.09137271568210795
929,0.5
930,0
931,0.48582995951417
932,0.15555555555555556
933,0.24646464646464647
934,0.43137254901960786
935,0
936,0.5238095238095238
937,1.0
938,0.34545454545454546
939,0.5313131313131313
940,0.6025641025641025
941,1.0
942,0.17028985507246377
943,0.3333333333333333
944,0.22048364153627312
945,0.42857142857142855
946,0.3111111111111111
947,0.3441258094357077
948,0.3333333333333333
949,0
950,0.9285714285714286
951,0.43859649122807015
952,0.2659959758551308
953,0.22924901185770752
954,0.23809523809523808
955,0.047619047619047616
956,0.3333333333333333
957,0.2792022792022792
958,0.477124183006536
959,0.34065934065934067
960,0.34135060129509714
961,0.3333333333333333
962,0.3151515151515151
963,0.42105263157894735
964,0.16666666666666666
965,0
966,0.2727272727272727
967,1.0
968,0.37254901960784315
969,0.25757575757575757
970,0.27453769559032715
971,0.11029411764705882
972,0.4444444444444444
973,0.28888888888888886
974,0.13333333333333333
975,0.40476190476190477
976,0.21666666666666667
977,0.8
978,0.26666666666666666
979,0.12727272727272726
980,0.4024390243902439
981,0
982,0.09104683195592286
983,0.23636363636363636
984,0.25676767676767676
985,1.0
986,0.41904761904761906
987,0.4426877470355731
988,0.11498257839721254
989,0.48484848484848486
990,0
991,0.7
992,0.2971014492753623
993,0.4057971014492754
994,0.7424242424242424
995,0.28846153846153844
996,0.10278627251104315
997,0.058823529411764705
998,0.4722222222222222
999,0.3333333333333333
1000,0.2857142857142857
1001,0.3333333333333333
1002,0.37362637362637363
1003,0.42424242424242425
1004,0.30122448979591837
1005,0.04736842105263158
1006,0.1978021978021978
1007,0.2631578947368421
1008,0.26666666666666666
1009,0.45054945054945056
1010,0
1011,0.3333333333333333
1012,0.34257703081232493
1013,0.7
1014,0.08634306869600987
1015,0.39166666666666666
1016,0.14545454545454545
1017,0.5934065934065934
1018,0.4
1019,0.17857142857142858
1020,0.310099573257468
1021,0.17857142857142858
1022,0.6374269005847953
1023,0.5274725274725275
1024,0.2692307692307692
1025,0.3
1026,0.45057471264367815
1027,0.16666666666666666
1028,0.2924901185770751
1029,0.23809523809523808
1030,0.3
1031,0.18716577540106952
1032,0
1033,0.3047619047619048
1034,0.40225988700564974
1035,0.13636363636363635
1036,0.13902597402597403
1037,0.23391812865497075
1038,0.33783783783783783
1039,0.2134387351778656
1040,0.21417239555790588
1041,0.34545454545454546
1042,0
1043,0.33992094861660077
1044,0
1045,0.4523809523809524
1046,0
1047,0.3641025641025641
1048,0.044444444444444446
1049,0.2222222222222222
1050,0.3565656565656566
1051,0.4666666666666667
1052,0.475
1053,0.19516908212560385
1054,0.3333333333333333
1055,0
1056,0.5033333333333333
1057,0.1
1058,0.509090909090909
1059,0.19047619047619047
1060,0.7
1061,0.23157894736842105
1062,0.23076923076923078
1063,0.5321637426900585
1064,0
1065,0.38461538461538464
1066,0.32801161103047893
1067,0.32142857142857145
1068,0.1343366778149387
1069,0
1070,0
1071,0
1072,0.3715415019762846
1073,0.45
1074,0.45454545454545453
1075,1.0
1076,0.38011695906432746
1077,0.32748538011695905
1078,0.11948051948051948
1079,0.2046783625730994
1080,0.4928774928774929
1081,1.0
1082,0.6029411764705882
1083,0.2426470588235294
1084,0.38095238095238093
1085,0.24444444444444444
1086,0.10392156862745099
1087,1.0
1088,0
1089,0.22983870967741934
1090,0.2019914651493599
1091,0.15384615384615385
1092,0.4
1093,0.24242424242424243
1094,0.3
1095,0.24444444444444444
1096,0.2119487908961593
1097,0.3333333333333333
1098,0.3416666666666667
1099,0.2845849802371542
1100,0.5211416490486258
1101,0
1102,0.34124293785310733
1103,0.3333333333333333
1104,0.1626984126984127
1105,0.34942528735632183
1106,0.2807017543859649
1107,0.48792270531400966
1108,0.19333333333333333
1109,0.4238975817923186
1110,0
1111,0.10714285714285714
1112,0.26666666666666666
1113,0.4117647058823529
1114,0.35714285714285715
1115,0.3288135593220339
1116,0
1117,0
1118,0
1119,0.23529411764705882
1120,0.426890756302521
1121,0.19037546271813854
1122,0.5073529411764706
1123,0.5512820512820513
1124,0.45789473684210524
1125,0.38181818181818183
1126,0.2235294117647059
1127,0.27349228611500703
1128,0.6428571428571429
1129,0.33986928104575165
1130,0
1131,0.30718954248366015
1132,0.20508474576271185
1133,0
1134,0.41818181818181815
1135,0.23529411764705882
1136,0.2918552036199095
1137,0.1269220016773833
1138,0.3802612481857765
1139,0
1140,0.33051948051948055
1141,1.0
1142,0.11901895206243032
1143,0
1144,0.40476190476190477
1145,0.5
1146,0.6944444444444444
1147,0.037252368647717485
1148,0.23557692307692307
1149,0.509090909090909
1150,0.2601626016260163
1151,0.42483660130718953
1152,0.17582417582417584
1153,0.41830065359477125
1154,0.32967032967032966
1155,0.41625615763546797
1156,0.7857142857142857
1157,0.24182109357126516
1158,0.2573099415204678
1159,0.4696969696969697
1160,0.2926829268292683
1161,0.4
1162,0.16666666666666666
1163,0.3
1164,0.6544117647058824
1165,0
1166,0.19990079365079366
1167,0.21189336978810663
1168,0.2574712643678161
1169,0.5333333333333333
1170,0.2857142857142857
1171,0
1172,0.6666666666666666
1173,0.6166666666666667
1174,0.2857142857142857
1175,0.1857707509881423
1176,0
1177,0.24104156712852365
1178,0.05555555555555555
1179,0.15275959860383945
1180,0.34789915966386553
1181,0.24358974358974358
1182,0.9333333333333333
1183,0.21818181818181817
1184,0.3952380952380952
1185,0.13818589025755879
1186,0.1
1187,0.13333333333333333
1188,0.30756302521008405
1189,0.2426470588235294
1190,0.4860215053763441
1191,0.5264367816091954
1192,0.2
1193,0.20540540540540542
1194,0.23776223776223776
1195,0.23384615384615384
1196,0.1117358969707963
1197,0.23891625615763548
1198,0.5526315789473685
1199,0.3582089552238806
1200,0
1201,0.2661290322580645
1202,0.5
1203,0.2904761904761905
1204,0.3333333333333333
1205,0.2586822460240182
1206,0.5163398692810458
1207,0.4696969696969697
1208,0.5880398671096345
1209,0.28045977011494255
1210,0.5714285714285714
1211,0.32967032967032966
1212,0.6095238095238096
1213,0.6071428571428571
1214,0.14035087719298245
1215,0.8666666666666667
1216,0.31746031746031744
1217,0.45714285714285713
1218,0
1219,0.41125541125541126
1220,0.52046783625731
1221,0.24444444444444444
1222,0
1223,0.25735294117647056
1224,0.3492063492063492
1225,0.6068548387096774
1226,0.23076923076923078
1227,0.5714285714285714
1228,0.5357142857142857
1229,0
1230,0.48484848484848486
1231,0.06666666666666667
1232,0.17492366788141436
1233,0
1234,0
1235,0.3333333333333333
1236,0.2578616352201258
1237,0
1238,0.5
1239,0.3216374269005848
1240,0.11764705882352941
1241,0.2727272727272727
1242,0.6666666666666666
1243,0.42424242424242425
1244,0
1245,0.17216676453317675
1246,0.14736842105263157
1247,0
1248,0
1249,0.15255530129672007
1250,0
1251,0.37652270210409744
1252,1.0
1253,0.4
1254,0.20056497175141244
1255,0.31868131868131866
1256,0.18575949367088607
1257,0.2554112554112554
1258,0.16063348416289594
1259,0.07448593073593074
1260,0.2092436974789916
1261,0
1262,0
1263,0.17012807199723087
1264,0.37777777777777777
1265,0.44804318488529016
1266,0.8333333333333334
1267,0.2483130904183536
1268,0.6
1269,0.2610576923076923
1270,0.36666666666666664
1271,0.24358974358974358
1272,0.26666666666666666
1273,0.32142857142857145
1274,0.4060975609756098
1275,0.33076923076923076
1276,0.6666666666666666
1277,0
1278,0.12727272727272726
1279,0.21887550200803213
1280,0.1215298000388274
1281,0.4444444444444444
1282,0.3333333333333333
1283,0.16666666666666666
1284,0.8333333333333334
1285,0.21818181818181817
1286,0.2064516129032258
1287,0.12762951334379904
1288,0.23607843137254902
1289,0.4841463414634146
1290,0.3314393939393939
1291,0.15151515151515152
1292,0.5164835164835165
1293,0.4246153846153846
1294,0.36786786786786785
1295,0.06048387096774194
1296,0.3333333333333333
1297,0.058404218825403656
1298,0.2597701149425287
1299,0.08333333333333333
1300,0.21978021978021978
1301,0.27070707070707073
1302,0.6666666666666666
1303,0.14285714285714285
1304,0.16544225683220687
1305,0.2857142857142857
1306,0.39215686274509803
1307,0.3181818181818182
1308,0.291044776119403
1309,0.6
1310,0.5253623188405797
1311,0.043143623781951704
1312,0.22431865828092243
1313,0.300563236047107
1314,0.25
1315,0
1316,0.29500580720092917
1317,0.3333333333333333
1318,0.2660098522167488
1319,0
1320,0.07043558850787766
1321,0.26143790849673204
1322,0.15172413793103448
1323,0.47619047619047616
1324,0.6666666666666666
1325,0
1326,0.2210144927536232
1327,0.2727272727272727
1328,0.23423423423423423
1329,0.38461538461538464
1330,0.5294117647058824
1331,0.6
1332,0.2727272727272727
1333,0.13636363636363635
1334,0.42857142857142855
1335,0
1336,0.5
1337,0.07933342828656886
1338,0.1503267973856209
1339,0
1340,0.26364692218350755
1341,0.20793650793650795
1342,0.16666666666666666
1343,0
1344,0.37695590327169276
1345,0.4843304843304843
1346,0.3333333333333333
1347,0.578397212543554
1348,0.3246753246753247
1349,0.16666666666666666
1350,0.24041811846689895
1351,0.1323529411764706
1352,0.4444444444444444
1353,0.46190476190476193
1354,0.19326599326599325
1355,0.6666666666666666
1356,0.21417797888386123
1357,0.6025641025641025
1358,0.43790849673202614
1359,0.3333333333333333
1360,0.39285714285714285
1361,0.3323671497584541
1362,0
1363,0.16666666666666666
1364,0
1365,0.2639423076923077
1366,0.18622848200312989
1367,0.15379746835443037
1368,0.32004429678848284
1369,0.4365079365079365
1370,0.13432835820895522
1371,0.3503787878787879
1372,0.16608594657375145
1373,0.21794871794871795
1374,0.12294372294372294
1375,0.32142857142857145
1376,0.14164569937564067
1377,0.36796536796536794
1378,0.5
1379,0.3333333333333333
1380,0
1381,0.4
1382,0.44761904761904764
1383,0.18840579710144928
1384,0.47333333333333333
1385,0.35
1386,0.2593984962406015
1387,0.25
1388,0.333950046253469
1389,0.2909803921568627
1390,0.1368421052631579
1391,0
1392,0.3635522664199815
1393,0.6
1394,0.2766531713900135
1395,0.4312169312169312
1396,0.3333333333333333
1397,0.15555555555555556
1398,0.3333333333333333
1399,0.2736842105263158
1400,0.21
1401,0.5142857142857142
1402,0.4666666666666667
1403,0.6166666666666667
1404,0
1405,0.14285714285714285
1406,0.16666666666666666
1407,0.48717948717948717
1408,0.29703504043126683
1409,0.3088235294117647
1410,0.4155844155844156
1411,0.1794871794871795
1412,0.26666666666666666
1413,0.5210526315789473
1414,0.2543432070991126
1415,0.16911764705882354
1416,0.22938689217758984
1417,0.7619047619047619
1418,0.6666666666666666
1419,0.6666666666666666
1420,0.4666666666666667
1421,0.42857142857142855
1422,0.1351172152498224
1423,0.18660005877167204
1424,0.07549361207897794
1425,0.6
1426,0.24242424242424243
1427,0.3778966131907308
1428,0.3333333333333333
1429,0.1753846153846154
1430,0.41330645161290325
1431,0.39166666666666666
1432,0.4722222222222222
1433,0.11386315039201711
1434,0.18461538461538463
1435,0.22167487684729065
1436,0.047619047619047616
1437,0
1438,0.2276923076923077
1439,0
1440,0.5
1441,0.3857442348008386
1442,0.27384615384615385
1443,0.13128550389227855
1444,0.6476190476190476
1445,1.0
1446,0
1447,0
1448,0.4
1449,0.3
1450,1.0
1451,0
1452,0.5357142857142857
1453,1.0
1454,0.16666666666666666
1455,0.2349290780141844
1456,0.6102941176470589
1457,0.26666666666666666
1458,0.16666666666666666
1459,0.3333333333333333
1460,0.39886039886039887
1461,0.42857142857142855
1462,1.0
1463,0.16666666666666666
1464,0.36666666666666664
1465,1.0
1466,0.41846153846153844
1467,0.2636075949367089
1468,0
1469,0.47186147186147187
1470,0.3790849673202614
1471,0.41025641025641024
1472,0
1473,0.4963768115942029
1474,0.37401129943502825
1475,0.5098814229249012
1476,0.04458188377786368
1477,0.47908232118758437
1478,0.3442028985507246
1479,0.5190476190476191
1480,0.10507246376811594
1481,0.3333333333333333
1482,0.276078431372549
1483,0.5163398692810458
1484,0.47804878048780486
1485,0.21212121212121213
1486,0.10701298701298702
1487,0.6666666666666666
1488,0.6666666666666666
1489,0.4444444444444444
1490,0.47096774193548385
1491,0.3
1492,0.1639423076923077
1493,0.5
1494,0.3935483870967742
1495,0.16666666666666666
1496,0.375609756097561
1497,0
1498,0.9523809523809523
1499,0.5777777777777777
1500,0.49122807017543857
1501,0.32439024390243903
1502,0.13624797594263244
1503,0.3333333333333333
1504,0.5604395604395604
1505,0.4358974358974359
1506,0.47874149659863946
1507,0.3212050078247261
1508,0
1509,0.35714285714285715
1510,0.4380952380952381
1511,0.30887491264849753
1512,0.3333333333333333
1513,0.5495798319327732
1514,0.4576612903225806
1515,0.3333333333333333
1516,0.32142857142857145
1517,0.22739291380222104
1518,0.5714285714285714
1519,0
1520,0.7333333333333333
1521,0.4
1522,0.28858350951374206
1523,0.3649193548387097
1524,0.40476190476190477
1525,0.3471264367816092
1526,0.27472527472527475
1527,0
1528,0.5614035087719298
1529,0.2857142857142857
1530,0.7210144927536232
1531,0
1532,0.19540229885057472
1533,0.06521739130434782
1534,0
1535,0.27832512315270935
1536,0.43333333333333335
1537,0.5146198830409356
1538,0.48484848484848486
1539,0.15555555555555556
1540,0.5672514619883041
1541,0.12420912420912421
1542,1.0
1543,0.12215543151567196
1544,1.0
1545,0.10967741935483871
1546,0
1547,0.2967032967032967
1548,0.30303030303030304
1549,0.36363636363636365
1550,0.4945054945054945
1551,0.6666666666666666
1552,0.33986928104575165
1553,0.7275132275132276
1554,0.29624893435635125
1555,0.24287856071964017
1556,0.41818181818181815
1557,0.16012786980528915
1558,0.5714285714285714
1559,0.39285714285714285
1560,0.42424242424242425
1561,0.19444444444444445
1562,0.21904761904761905
1563,0.54
1564,0
1565,0.42857142857142855
1566,0.4963768115942029
1567,0.45454545454545453
1568,0.23809523809523808
1569,0.225
1570,0.2857142857142857
1571,0.4090909090909091
1572,0.2727272727272727
1573,0.575
1574,0.2222222222222222
1575,0.21428571428571427
1576,0.8181818181818182
1577,0
1578,0.47619047619047616
1579,0.08333333333333333
1580,0.5181451612903226
1581,0.326984126984127
1582,0.4
1583,0
1584,0.4835164835164835
1585,0.21428571428571427
1586,0.7378917378917379
1587,0.11956521739130435
1588,0.26666666666666666
1589,0.24621212121212122
1590,0.16666666666666666
1591,0.3333333333333333
1592,0.23376623376623376
1593,0.10589681317379457
1594,0.4
1595,1.0
1596,0.42857142857142855
1597,0.6666666666666666
1598,0.35
1599,0.18681318681318682
1600,0.22058823529411764
1601,0.27941176470588236
1602,0.4696969696969697
1603,0.17807539682539683
1604,0.4152046783625731
1605,0.2222222222222222
1606,0.3626373626373626
1607,0
1608,0.16242373237954977
1609,0.16666666666666666
1610,0.3333333333333333
1611,0.7142857142857143
1612,0.1568627450980392
1613,0.6666666666666666
1614,0.4860215053763441
1615,0.4230769230769231
1616,0.42424242424242425
1617,0.16666666666666666
1618,0.32105263157894737
1619,0.4129032258064516
1620,0.39285714285714285
1621,0.17515254063477415
1622,0.2549019607843137
1623,0.3233333333333333
1624,0.4642857142857143
1625,0
1626,0
1627,0.24358974358974358
1628,0.33845478489903424
1629,0
1630,0.4473684210526316
1631,0.13145384190160309
1632,0.06666666666666667
1633,0.36333333333333334
1634,0.48615384615384616
1635,0.6444444444444445
1636,0.4503171247357294
1637,0
1638,0.32971014492753625
1639,0.4
1640,0.2994535519125683
1641,0.14545454545454545
1642,0.524731182795699
1643,0.1496947496947497
1644,0.3238095238095238
1645,1.0
1646,0.3476190476190476
1647,0.1407532084998948
1648,0.3956043956043956
1649,0.2222222222222222
1650,0.13333333333333333
1651,0.3055555555555556
1652,0.2701612903225806
1653,0.15015015015015015
1654,0.6515151515151515
1655,0.679144385026738
1656,0.32142857142857145
1657,0.3111111111111111
1658,0
1659,0.5681511470985156
1660,0.06379746835443038
1661,0.22105263157894736
1662,0.2596491228070175
1663,0.49523809523809526
1664,0.3030753968253968
1665,0.44
1666,0.22023809523809523
1667,0.26436781609195403
1668,0.2962962962962963
1669,0.3246753246753247
1670,0.047619047619047616
1671,0.13333333333333333
1672,0
1673,0.16506746626686658
1674,0.1568627450980392
1675,0.1984126984126984
1676,0.2857142857142857
1677,0.24225352112676057
1678,0.5
1679,0.19047619047619047
1680,0.24634273772204807
1681,0.31363636363636366
1682,0.16666666666666666
1683,0
1684,0.3333333333333333
1685,0
1686,0.5714285714285714
1687,0.30887491264849753
1688,0.38596491228070173
1689,0
1690,1.0
1691,0.6333333333333333
1692,0.36257309941520466
1693,0.6025641025641025
1694,0.19238900634249473
1695,0.5
1696,0.1
1697,0
1698,0.43333333333333335
1699,0.17609730301427817
1700,0.24675324675324675
1701,0.2757619738751814
1702,0.322463768115942
1703,0.3333333333333333
1704,0.4909090909090909
1705,0.42424242424242425
1706,0.10418548629930743
1707,0
1708,0
1709,0.16666666666666666
1710,0.275
1711,0.3573170731707317
1712,0.49047619047619045
1713,0.55
1714,0.17777777777777778
1715,0.5606060606060606
1716,0.43956043956043955
1717,0.5
1718,0.23636363636363636
1719,0.2967032967032967
1720,0.26573426573426573
1721,0.061870882740447955
1722,0.43956043956043955
1723,0.3333333333333333
1724,0.3084677419354839
1725,0.21212121212121213
1726,0.22063329928498468
1727,0.20243902439024392
1728,0
1729,0.3333333333333333
1730,0.725
1731,0.21957671957671956
1732,0.3815789473684211
1733,0.3217326915957053
1734,0.2651321398124467
1735,0.3333333333333333
1736,0.2653061224489796
1737,0.23809523809523808
1738,0.16666666666666666
1739,0.084715821812596
1740,0.43636363636363634
1741,0.2754208754208754
1742,0.3310734463276836
1743,0.45714285714285713
1744,0.24761904761904763
1745,0.42857142857142855
1746,0.7426470588235294
1747,0.5619047619047619
1748,0.2
1749,0.30735930735930733
1750,0.4052631578947368
1751,0.3333333333333333
1752,1.0
1753,0.4421052631578947
1754,0.2885662431941924
1755,0.2463768115942029
1756,0.2648221343873518
1757,0.5151515151515151
1758,0.07132431769158239
1759,0.3
1760,0.4368421052631579
1761,0.3935897435897436
1762,0.34274193548387094
1763,0.11474320643146635
1764,0.291005291005291
1765,0.03441558441558441
1766,0
1767,0.2365445499773858
1768,0.6909090909090909
1769,0.5274725274725275
1770,0
1771,1.0
1772,0.1
1773,0.22857142857142856
1774,0.34545454545454546
1775,0.29004329004329005
1776,0.23529411764705882
1777,0
1778,0.4117647058823529
1779,0.3333333333333333
1780,0.45454545454545453
1781,0
1782,0.12272727272727273
1783,0.3201581027667984
1784,0.27816091954022987
1785,0.35735735735735735
1786,0.43385490753911804
1787,0.17952681812071514
1788,0.4166666666666667
1789,0.3088235294117647
1790,0.46320346320346323
1791,0.5367965367965368
1792,0.09523809523809523
1793,0.13768115942028986
1794,0
1795,0.16666666666666666
1796,0.8
1797,0.15384615384615385
1798,1.0
1799,0.25735294117647056
1800,0.4170731707317073
1801,0.5
1802,0.27956989247311825
1803,0.659919028340081
1804,0.5761904761904761
1805,0.29590017825311943
1806,0.8571428571428571
1807,0.29326732673267325
1808,0.10823311748381129
1809,0.4909090909090909
1810,0.2964426877470356
1811,0.26418969380134427
1812,0.42857142857142855
1813,0
1814,0.363265306122449
1815,0.25
1816,0.47619047619047616
1817,0.20512820512820512
1818,0
1819,0.32748538011695905
1820,0.5347593582887701
1821,0.08131833883074047
1822,0.5808823529411765
1823,0.26666666666666666
1824,0.20919540229885059
1825,0.20282485875706216
1826,0.3083778966131907
1827,0.4378048780487805
1828,0
1829,0.1891891891891892
1830,0.16666666666666666
1831,0.1111111111111111
1832,0
1833,0.2
1834,0.3333333333333333
1835,0.12727272727272726
1836,0.5566502463054187
1837,0.15820029027576196
1838,0.43636363636363634
1839,0.4
1840,0.6761904761904762
1841,0.23529411764705882
1842,0.42532005689900426
1843,0.2
1844,0.2940243257535695
1845,0.16736842105263158
1846,0.5098039215686274
1847,0.47619047619047616
1848,0.19230769230769232
1849,0.26666666666666666
1850,0.27475756685277697
1851,0.3868092691622103
1852,0.18181818181818182
1853,0.47619047619047616
1854,0.2857142857142857
1855,0.2832512315270936
1856,0.13333333333333333
1857,0
1858,0.4264705882352941
1859,0.2579787234042553
1860,0.11384615384615385
1861,0.32971014492753625
1862,0.4666666666666667
1863,0.391304347826087
1864,0
1865,0.27816091954022987
1866,0.6764705882352942
1867,0.16176470588235295
1868,0.3475783475783476
1869,0.30303030303030304
1870,0.4717741935483871
1871,0.3076923076923077
1872,0.41219158200290273
1873,0.3333333333333333
1874,0.3055555555555556
1875,0.6
1876,0.23809523809523808
1877,0.2608695652173913
1878,0.2717391304347826
1879,0.4
1880,1.0
1881,0.4380952380952381
1882,0.4909090909090909
1883,0.13450292397660818
1884,0.1111111111111111
1885,0
1886,0.16666666666666666
1887,0.2857142857142857
1888,0
1889,0.14285714285714285
1890,0.16666666666666666
1891,0.24183006535947713
1892,0.29292929292929293
1893,0.4
1894,0.23076923076923078
1895,0
1896,0.27353266888150607
1897,0.35507246376811596
1898,1.0
1899,0
1900,0.16666666666666666
1901,0
1902,0.6111111111111112
1903,0.3333333333333333
1904,0.38095238095238093
1905,0.6
1906,0.36989247311827955
1907,0.5111111111111111
1908,0.23333333333333334
1909,0.047619047619047616
1910,0.580952380952381
1911,0.2564102564102564
