node,closeness_cent
0,0.3489136388533869
1,0.35025659824046923
2,0.4448324022346369
3,0.4704579025110783
4,0.3358523725834798
5,0.4390075809786354
6,0.4679236043095005
7,0.40273972602739727
8,0.3908774800572714
9,0.41185344827586207
10,0.40138626339004413
11,0.4375
12,0.39663760896637607
13,0.2689655172413793
14,0.4357045143638851
15,0.4162491831844914
16,0.4434903689951265
17,0.2647547797173732
18,0.3790162633875446
19,0.3651824957003631
20,0.41008583690987127
21,0.4169757800567314
22,0.39240246406570845
23,0.40359028511087647
24,0.44472888061438215
25,0.3602941176470588
26,0.43971468016566956
27,0.4511331444759207
28,0.4069420783645656
29,0.44628678187762727
30,0.3793171893608575
31,0.43760018319212274
32,0.3159199867746735
33,0.4527363184079602
34,0.34846827133479213
35,0.4992163009404389
36,0.5141242937853108
37,0.44011976047904194
38,0.4071154665530464
39,0.3329848405645583
40,0.42943820224719104
41,0.414623562594923
42,0.3353808353808354
43,0.43780068728522337
44,0.382047181127549
45,0.4727857496288966
46,0.41480355980030387
47,0.41816192560175053
48,0.36977554179566563
49,0.37566345586789857
50,0.43729977116704805
51,0.43790100824931255
52,0.4434903689951265
53,0.342534504391468
54,0.4232558139534884
55,0.36927536231884056
56,0.43739986266880293
57,0.46237599806436
58,0.41480355980030387
59,0.47667747567972063
60,0.3908774800572714
61,0.42447800977343403
62,0.46485040136219896
63,0.3733880422039859
64,0.41354685133088076
65,0.441747572815534
66,0.42157511581733953
67,0.5435153583617748
68,0.39878964941569284
69,0.394020618556701
70,0.41816192560175053
71,0.41588683351468986
72,0.3873125253344143
73,0.39614427860696516
74,0.42297476759628155
75,0.3554026408778129
76,0.445870275314979
77,0.423349579087284
78,0.4607039537126326
79,0.42580213903743314
80,0.41615853658536583
81,0.3183408295852074
82,0.38181818181818183
83,0.4106145251396648
84,0.4036755386565273
85,0.4002932551319648
86,0.46248789932236206
87,0.3828125
88,0.3644859813084112
89,0.39581607290803644
90,0.35238797713442743
91,0.32010050251256283
92,0.4241011984021305
93,0.3083750201710505
94,0.45641270599474565
95,0.43205968799457384
96,0.36977554179566563
97,0.3588732394366197
98,0.3544139465875371
99,0.3556010420543357
100,0.3173891380169407
101,0.41597736177622985
102,0.4701107011070111
103,0.5117836100696305
104,0.4479606188466948
105,0.41534449032818954
106,0.4662112710417175
107,0.41498371335504886
108,0.3877054169202678
109,0.43550592525068366
110,0.42742115857749946
111,0.42213386348575216
112,0.34204403078575263
113,0.4507075471698113
114,0.374632425014703
115,0.4130105900151286
116,0.47348860257680875
117,0.4393103448275862
118,0.3215006729475101
119,0.36289403721990127
120,0.4066822728240051
121,0.3196186653286503
122,0.39023892178885033
123,0.3755896226415094
124,0.44754098360655736
125,0.277882797731569
126,0.45794392523364486
127,0.6009433962264151
128,0.35826771653543305
129,0.3727325921591574
130,0.34376686454398275
131,0.37419228509888386
132,0.4132785467128028
133,0.36574162679425837
134,0.4540270848182466
135,0.3908774800572714
136,0.39548841059602646
137,0.3781911735602612
138,0.3507065516608552
139,0.48355263157894735
140,0.35297377170299227
141,0.45805369127516776
142,0.42799552071668534
143,0.4065957446808511
144,0.3830426939266386
145,0.28169221698113206
146,0.3442622950819672
147,0.4619289340101523
148,0.4595959595959596
149,0.3584021005251313
150,0.43050236539761205
151,0.30405727923627685
152,0.428956228956229
153,0.4354066985645933
154,0.3941018766756032
155,0.42561247216035636
156,0.3351455629603648
157,0.2671606319026982
158,0.3853599516031458
159,0.4209251101321586
160,0.41444372153545866
161,0.4618173030449492
162,0.4455584052226626
163,0.45209368346344925
164,0.36337706788362806
165,0.344014401440144
166,0.3455071415657205
167,0.43890675241157556
168,0.31524249422632794
169,0.3644859813084112
170,0.42847533632286994
171,0.26088737201365186
172,0.4006289308176101
173,0.4486968772012209
174,0.42148213498014997
175,0.39079754601226996
176,0.5055555555555555
177,0.34967978042086
178,0.34131094838363996
179,0.41079105760963025
180,0.45381144621230113
181,0.3124591236102027
182,0.4400184204466958
183,0.41597736177622985
184,0.4124757176775308
185,0.37404580152671757
186,0.39103744628606507
187,0.3651824957003631
188,0.5195758564437194
189,0.3422277936962751
190,0.4613713182037663
191,0.4041023472192853
192,0.43225514589459396
193,0.4262770466205666
194,0.4188034188034188
195,0.4765586034912718
196,0.24043784599899345
197,0.4541349809885932
198,0.4314743734477309
199,0.35968379446640314
200,0.3287459143299501
201,0.4702263779527559
202,0.4191708708050011
203,0.4080717488789238
204,0.4080717488789238
205,0.454242928452579
206,0.3972972972972973
207,0.4537037037037037
208,0.3588732394366197
209,0.4104381443298969
210,0.37020534676481986
211,0.43860454441129215
212,0.4498587570621469
213,0.41570589514901024
214,0.4105263157894737
215,0.4388059701492537
216,0.4642857142857143
217,0.43550592525068366
218,0.3660919540229885
219,0.36186328346903995
220,0.42213386348575216
221,0.41185344827586207
222,0.42857142857142855
223,0.40824610126041444
224,0.4152542372881356
225,0.4323529411764706
226,0.4203695556533216
227,0.448486270828444
228,0.2685120134888296
229,0.44472888061438215
230,0.4336283185840708
231,0.3607021517553794
232,0.3205837946653246
233,0.3272820688474054
234,0.43392370572207084
235,0.4276124412620273
236,0.41834500875656744
237,0.3570627802690583
238,0.43770041227668344
239,0.41256476683937826
240,0.36700595352410215
241,0.42027710578403343
242,0.4278996865203762
243,0.4404240608435123
244,0.4348122866894198
245,0.43550592525068366
246,0.4342194955691888
247,0.32171717171717173
248,0.43392370572207084
249,0.4526290857413548
250,0.4278996865203762
251,0.3093234056328909
252,0.414623562594923
253,0.3222053616590794
254,0.4498587570621469
255,0.2752016129032258
256,0.4012177199244174
257,0.43510928961748635
258,0.36483390607101945
259,0.3365029054410988
260,0.46678065461651197
261,0.4523076923076923
262,0.43079350766456265
263,0.4123867069486405
264,0.4578342117872544
265,0.4409321642824181
266,0.3218797372410308
267,0.4831858407079646
268,0.36015831134564646
269,0.3704206241519674
270,0.3911975435005118
271,0.42847533632286994
272,0.3751472320376914
273,0.40418781725888325
274,0.4662112710417175
275,0.4689570552147239
276,0.29508956145768994
277,0.4240071000665631
278,0.4421564090698751
279,0.3730964467005076
280,0.40850790936297565
281,0.3991228070175439
282,0.43254866455409685
283,0.4178876011371091
284,0.41834500875656744
285,0.37551581843191195
286,0.3801472050925005
287,0.5227024070021882
288,0.30429936305732486
289,0.4506012732846027
290,0.5595900439238654
291,0.4499646809512597
292,0.380601473809998
293,0.42992125984251967
294,0.3991228070175439
295,0.44113573407202217
296,0.33148308759757156
297,0.42924528301886794
298,0.4519867549668874
299,0.4241011984021305
300,0.4323529411764706
301,0.3286893704850361
302,0.35051357300073366
303,0.3417381974248927
304,0.33327520055807464
305,0.49752668575891695
306,0.47231833910034604
307,0.37699743539159597
308,0.4228811684000885
309,0.37244201909959074
310,0.45827338129496403
311,0.43689986282578874
312,0.33668076109936573
313,0.41834500875656744
314,0.28008207533343105
315,0.48391997974170675
316,0.42101784534038333
317,0.4437993497445425
318,0.46159420289855074
319,0.46689469826533103
320,0.35219314412089936
321,0.3125102207686018
322,0.43137697516930024
323,0.45187987703948923
324,0.4453507340946166
325,0.42914888838984955
326,0.3771462403789224
327,0.4380013752005501
328,0.40113350125944586
329,0.3387697216805531
330,0.3941018766756032
331,0.4250444839857651
332,0.4187116564417178
333,0.37186223000583774
334,0.3559985096870343
335,0.44785563627841574
336,0.4396135265700483
337,0.45007065473386715
338,0.4469130028063611
339,0.39680232558139533
340,0.4380013752005501
341,0.4725519287833828
342,0.44701754385964915
343,0.42260061919504643
344,0.3329848405645583
345,0.37640338782745714
346,0.3456946454413893
347,0.36658354114713215
348,0.44328462073764785
349,0.42157511581733953
350,0.4164305949008499
351,0.42363112391930835
352,0.46237599806436
353,0.43461450989310896
354,0.3163383545770568
355,0.31281715501718776
356,0.3754420432220039
357,0.31602447494625435
358,0.473019801980198
359,0.43501024356931484
360,0.3402171977924159
361,0.33496932515337424
362,0.39895615866388306
363,0.3913577718615605
364,0.2774390243902439
365,0.36693548387096775
366,0.3297670405522002
367,0.42799552071668534
368,0.42111062141912736
369,0.5044878563885956
370,0.4362017804154303
371,0.40850790936297565
372,0.46723716381418096
373,0.42476105801289177
374,0.3526480900535154
375,0.455
376,0.42924528301886794
377,0.36036205921176695
378,0.36595174262734587
379,0.3935337726523888
380,0.3727325921591574
381,0.40920770877944324
382,0.3408847663217981
383,0.35793219704064433
384,0.369132702337261
385,0.3764775413711584
386,0.3752208914195955
387,0.39240246406570845
388,0.44266851980542044
389,0.38388911209321014
390,0.43089064261555804
391,0.45750538664113
392,0.4160679294578707
393,0.3898408812729498
394,0.31498269325861217
395,0.42532828844869797
396,0.407202216066482
397,0.3694895591647332
398,0.4541349809885932
399,0.3574635241301908
400,0.4287637424276419
401,0.4065957446808511
402,0.42992125984251967
403,0.4481707317073171
404,0.4959771606540358
405,0.35954844778927564
406,0.40824610126041444
407,0.44901315789473684
408,0.4544589774078478
409,0.4621523579201935
410,0.42
411,0.37411902897415816
412,0.4476458186929023
413,0.4588235294117647
414,0.37961859356376637
415,0.42780389523169915
416,0.37049243892981776
417,0.4508138711960368
418,0.39312898580538985
419,0.3732421875
420,0.3475177304964539
421,0.37640338782745714
422,0.4543509272467903
423,0.42742115857749946
424,0.4608150470219436
425,0.457286432160804
426,0.44649532710280376
427,0.26085176085176087
428,0.5219885277246654
429,0.467580132126254
430,0.31723107569721115
431,0.3385296722763508
432,0.39622641509433965
433,0.41543478260869565
434,0.3735340109460516
435,0.42684833593924504
436,0.4160679294578707
437,0.3855154327214041
438,0.3987064469017317
439,0.4237250554323725
440,0.4209251101321586
441,0.494949494949495
442,0.3941831683168317
443,0.33579335793357934
444,0.42992125984251967
445,0.4358038768529076
446,0.3678537054860443
447,0.4260869565217391
448,0.4102619149849721
449,0.26170912078882497
450,0.33079453003288906
451,0.44462540716612375
452,0.3730964467005076
453,0.40478712137259054
454,0.41972325938941357
455,0.4996078431372549
456,0.40947075208913647
457,0.42073976221928666
458,0.3374536464771323
459,0.45761494252873564
460,0.37200700798131203
461,0.4423611111111111
462,0.4435933147632312
463,0.4066822728240051
464,0.2573044297832234
465,0.4385039008719596
466,0.414623562594923
467,0.565050266114725
468,0.3665132336018412
469,0.3883357041251778
470,0.46485040136219896
471,0.5221311475409836
472,0.45295093624081534
473,0.43011478730587444
474,0.3491048593350384
475,0.39704965717847496
476,0.3528434268833087
477,0.44011976047904194
478,0.374632425014703
479,0.4390075809786354
480,0.35988700564971754
481,0.3699186991869919
482,0.3880991064175467
483,0.4290525370453525
484,0.33793103448275863
485,0.35025659824046923
486,0.4533807829181495
487,0.38739103993513074
488,0.45981713185755535
489,0.4444186046511628
490,0.32085292142377436
491,0.4679236043095005
492,0.4408304498269896
493,0.459375
494,0.47667747567972063
495,0.3163383545770568
496,0.47372335151214673
497,0.43650068524440383
498,0.4169757800567314
499,0.45187987703948923
500,0.3954065797641217
501,0.4429763560500695
502,0.4139948006932409
503,0.3690614136732329
504,0.4862595419847328
505,0.37389943259636077
506,0.39329080057625027
507,0.44838104176442983
508,0.3240081383519837
509,0.36963249516441005
510,0.34967978042086
511,0.37331510060558704
512,0.36172629187961386
513,0.4240071000665631
514,0.4410339256865913
515,0.39
516,0.41498371335504886
517,0.3862947240751971
518,0.2995767361655432
519,0.4002932551319648
520,0.45295093624081534
521,0.33269498607242337
522,0.42120343839541546
523,0.38481675392670156
524,0.4673514306676449
525,0.40307951908879985
526,0.44597432905484247
527,0.428956228956229
528,0.42646730640482033
529,0.310126582278481
530,0.49
531,0.3123569794050343
532,0.34204403078575263
533,0.40564635958395245
534,0.4400184204466958
535,0.3511576626240353
536,0.4773919560329753
537,0.36379211878926326
538,0.42204063604240283
539,0.45750538664113
540,0.41661216481360364
541,0.4010493179433368
542,0.3716452742123687
543,0.4270391061452514
544,0.3754420432220039
545,0.33327520055807464
546,0.3972972972972973
547,0.43205968799457384
548,0.27643570085346447
549,0.4508138711960368
550,0.35
551,0.44712213383247545
552,0.4428736964078795
553,0.3611111111111111
554,0.40444444444444444
555,0.4391084558823529
556,0.33793103448275863
557,0.4480656506447831
558,0.367358708189158
559,0.4429763560500695
560,0.48514851485148514
561,0.32801235839340886
562,0.3735340109460516
563,0.4088575096277279
564,0.44452198185624564
565,0.4237250554323725
566,0.3589406461307288
567,0.4357045143638851
568,0.3624122890195335
569,0.27315608919382506
570,0.3100762615609281
571,0.39721471627520266
572,0.4099099099099099
573,0.39548841059602646
574,0.41825344714379514
575,0.3980420745677984
576,0.4195389681668496
577,0.47419354838709676
578,0.4237250554323725
579,0.39329080057625027
580,0.37302361897325786
581,0.43770041227668344
582,0.2703735144312394
583,0.3435814455231931
584,0.41354685133088076
585,0.40920770877944324
586,0.3936959208899876
587,0.4540270848182466
588,0.34638390429581295
589,0.4452469711090401
590,0.44785563627841574
591,0.3598192430803992
592,0.3727325921591574
593,0.3949163050216987
594,0.4155251141552511
595,0.43780068728522337
596,0.42428952042628776
597,0.34563212154096584
598,0.3805256869772999
599,0.4334316171467453
600,0.37894110648423557
601,0.4666666666666667
602,0.4070287539936102
603,0.34327285791269985
604,0.45838330534900457
605,0.392080426754206
606,0.2666015625
607,0.42148213498014997
608,0.4809967279134156
609,0.4368
610,0.4357045143638851
611,0.43650068524440383
612,0.4293417209615817
613,0.41807044410413474
614,0.35961610839292435
615,0.46394756008739985
616,0.3430879712746858
617,0.35826771653543305
618,0.39622641509433965
619,0.3038638893305772
620,0.30977467985086726
621,0.3781911735602612
622,0.41087938077832725
623,0.4514528703047484
624,0.38520459584761135
625,0.4147135416666667
626,0.3138446378715717
627,0.4232558139534884
628,0.501311647429171
629,0.40999785453765286
630,0.42828328103989244
631,0.4421564090698751
632,0.43333333333333335
633,0.3263877028181042
634,0.36131593874078277
635,0.36275626423690205
636,0.4404240608435123
637,0.4084206026928831
638,0.3641387195121951
639,0.43610223642172524
640,0.4444186046511628
641,0.454242928452579
642,0.40789754535752404
643,0.3775933609958506
644,0.43186440677966104
645,0.46125995655322233
646,0.33211678832116787
647,0.4058186451475897
648,0.3501282521069989
649,0.44639103013314646
650,0.43590328467153283
651,0.35388888888888886
652,0.3563304120827895
653,0.3711400271897456
654,0.4867549668874172
655,0.33148308759757156
656,0.47185185185185186
657,0.45521676989042403
658,0.3983739837398374
659,0.39647302904564313
660,0.32450331125827814
661,0.40444444444444444
662,0.32971014492753625
663,0.35199852643212376
664,0.3926443394288062
665,0.42742115857749946
666,0.4167030091583079
667,0.23810117119362073
668,0.3982079599916649
669,0.48063380281690143
670,0.3557334326135517
671,0.36870538298282846
672,0.39337175792507206
673,0.4054742202418842
674,0.4224137931034483
675,0.43760018319212274
676,0.43001800180018
677,0.455
678,0.38606060606060605
679,0.41834500875656744
680,0.36344617725370865
681,0.42009232798417234
682,0.49201853759011327
683,0.44338747099767983
684,0.3776679841897233
685,0.4010493179433368
686,0.4272300469483568
687,0.29508956145768994
688,0.4790674354474806
689,0.47870741482965934
690,0.38181818181818183
691,0.3950795947901592
692,0.3656016835660991
693,0.34770742358078605
694,0.35219314412089936
695,0.29715440833462914
696,0.44639103013314646
697,0.4311823104693141
698,0.4679236043095005
699,0.43739986266880293
700,0.3588732394366197
701,0.454242928452579
702,0.40625
703,0.4179790026246719
704,0.4431818181818182
705,0.4133679428942245
706,0.3684210526315789
707,0.3717898832684825
708,0.43600273785078714
709,0.3979591836734694
710,0.3273942093541203
711,0.3684210526315789
712,0.4469130028063611
713,0.4428736964078795
714,0.3588732394366197
715,0.45554231227651965
716,0.4410339256865913
717,0.488871834228703
718,0.41274298056155506
719,0.40341988600379985
720,0.43739986266880293
721,0.3225316455696203
722,0.33211678832116787
723,0.3080767370627116
724,0.3349106203995794
725,0.4544589774078478
726,0.4614827336392176
727,0.3805256869772999
728,0.4255177020708083
729,0.3163383545770568
730,0.4312796208530806
731,0.4431818181818182
732,0.4191708708050011
733,0.44701754385964915
734,0.37265990639625585
735,0.39680232558139533
736,0.3328108672936259
737,0.36707645024971186
738,0.44838104176442983
739,0.312
740,0.3478973238667395
741,0.3869987849331713
742,0.38621665319320936
743,0.4745468090389868
744,0.4358038768529076
745,0.4465996728207525
746,0.4567399617590822
747,0.44628678187762727
748,0.43550592525068366
749,0.3916786226685796
750,0.4394113589330881
751,0.4733713153331682
752,0.4421564090698751
753,0.45102666981354733
754,0.4314743734477309
755,0.3830426939266386
756,0.266304347826087
757,0.42055457746478875
758,0.42914888838984955
759,0.428956228956229
760,0.3400961025093433
761,0.42260061919504643
762,0.34345794392523366
763,0.4427710843373494
764,0.4467040673211781
765,0.4348122866894198
766,0.40938303341902316
767,0.42018469656992086
768,0.3658116385911179
769,0.4791875626880642
770,0.24043784599899345
771,0.41123305358295675
772,0.2636225686301559
773,0.39630858564910826
774,0.3423504120386958
775,0.4031645569620253
776,0.3755896226415094
777,0.513571620532115
778,0.4394113589330881
779,0.3960621761658031
780,0.4054742202418842
781,0.48962336664104533
782,0.35546875
783,0.41274298056155506
784,0.488871834228703
785,0.4410339256865913
786,0.44452198185624564
787,0.4230684082355546
788,0.3068893528183716
789,0.4398158803222094
790,0.43501024356931484
791,0.31602447494625435
792,0.44838104176442983
793,0.42185430463576157
794,0.3578651685393258
795,0.38992042440318303
796,0.3589406461307288
797,0.38660732348776045
798,0.36434699714013347
799,0.4390075809786354
800,0.320530023482053
801,0.42457231726283046
802,0.42269409422694093
803,0.4075495841330774
804,0.34333453108156664
805,0.44328462073764785
806,0.48638330363960297
807,0.4476458186929023
808,0.3240081383519837
809,0.3588058580548254
810,0.4217612006179651
811,0.42924528301886794
812,0.4473314606741573
813,0.38288920056100983
814,0.4759651307596513
815,0.4444186046511628
816,0.44328462073764785
817,0.461705726020778
818,0.4435933147632312
819,0.374632425014703
820,0.4095585083583369
821,0.4625998547567175
822,0.36316989737742306
823,0.4716189536031589
824,0.44144144144144143
825,0.25936482084690554
826,0.34210526315789475
827,0.4629360465116279
828,0.47584661354581675
829,0.4363013698630137
830,0.42665773610180846
831,0.43520838077886587
832,0.42260061919504643
833,0.33229003651538863
834,0.3390101117615753
835,0.41770491803278686
836,0.445870275314979
837,0.309573951077272
838,0.43810178817056394
839,0.36574162679425837
840,0.43770041227668344
841,0.3841978287092883
842,0.3487226277372263
843,0.44597432905484247
844,0.40763651877133106
845,0.36043002640513017
846,0.35
847,0.4119422289286484
848,0.39483471074380166
849,0.35290858725761776
850,0.38174190970835
851,0.41274298056155506
852,0.4395124195032199
853,0.41770491803278686
854,0.4179790026246719
855,0.40461571035358884
856,0.3752208914195955
857,0.4453507340946166
858,0.4172489082969432
859,0.37265990639625585
860,0.40350506756756754
861,0.3472020348837209
862,0.39663760896637607
863,0.39829095456440183
864,0.45155954631379963
865,0.3430263866451265
866,0.45007065473386715
867,0.41834500875656744
868,0.4819672131147541
869,0.4754914157750684
870,0.4455584052226626
871,0.336443661971831
872,0.3305084745762712
873,0.4099099099099099
874,0.4349112426035503
875,0.39442724458204337
876,0.40642279880901744
877,0.42857142857142855
878,0.4400184204466958
879,0.4357045143638851
880,0.4511331444759207
881,0.4528436018957346
882,0.37049243892981776
883,0.4502827521206409
884,0.4271345552078677
885,0.3561975768872321
886,0.43840330350997936
887,0.4246666666666667
888,0.4437993497445425
889,0.43050236539761205
890,0.4007969798657718
891,0.3967199501764584
892,0.3569960769661872
893,0.4537037037037037
894,0.4632727272727273
895,0.39216088651754566
896,0.4358038768529076
897,0.3482142857142857
898,0.39737991266375544
899,0.467580132126254
900,0.3329848405645583
901,0.2622478386167147
902,0.41743119266055045
903,0.4254229741763135
904,0.40155494851859636
905,0.4765586034912718
906,0.3569960769661872
907,0.43011478730587444
908,0.4499646809512597
909,0.42742115857749946
910,0.3898408812729498
911,0.42185430463576157
912,0.3987064469017317
913,0.4747826086956522
914,0.41087938077832725
915,0.42027710578403343
916,0.4273255813953488
917,0.42260061919504643
918,0.385049365303244
919,0.40676883780332057
920,0.4405255878284924
921,0.42857142857142855
922,0.3578651685393258
923,0.43890675241157556
924,0.44113573407202217
925,0.4265625
926,0.3546112451289664
927,0.32483426823049466
928,0.4791875626880642
929,0.3976279650436954
930,0.29784912718204487
931,0.4501766784452297
932,0.38746958637469586
933,0.45750538664113
934,0.43137697516930024
935,0.3478973238667395
936,0.4138155045474231
937,0.35032080659945003
938,0.3473282442748092
939,0.3616578349735049
940,0.4267530147387226
941,0.3918392454377691
942,0.43660041124057575
943,0.3151385224274406
944,0.416793893129771
945,0.40223110924016
946,0.36700595352410215
947,0.44338747099767983
948,0.4085952533675433
949,0.34376686454398275
950,0.30812641083521447
951,0.4343181818181818
952,0.4633850630455868
953,0.39878964941569284
954,0.3891264508246793
955,0.3389499822632139
956,0.4055602716468591
957,0.4123867069486405
958,0.4435933147632312
959,0.42269409422694093
960,0.4569583931133429
961,0.35434822918598186
962,0.4656432748538012
963,0.4486968772012209
964,0.3391906283280085
965,0.32722602739726026
966,0.3540856031128405
967,0.38358089120835004
968,0.4089450032099294
969,0.3982079599916649
970,0.4504950495049505
971,0.4071154665530464
972,0.3977107180020812
973,0.3824294576746048
974,0.39039836567926456
975,0.44680851063829785
976,0.37265990639625585
977,0.39704965717847496
978,0.36686504127471686
979,0.3635844748858447
980,0.4498587570621469
981,0.2852238805970149
982,0.46271186440677964
983,0.40728900255754474
984,0.4638349514563107
985,0.3935337726523888
986,0.42055457746478875
987,0.43520838077886587
988,0.41761363636363635
989,0.40513037947848207
990,0.3094736842105263
991,0.4132785467128028
992,0.40444444444444444
993,0.43770041227668344
994,0.33973333333333333
995,0.45970651912436855
996,0.4423611111111111
997,0.3663726993865031
998,0.3975452465154982
999,0.34980779791323446
1000,0.33931107954545453
1001,0.3313681290098838
1002,0.4169757800567314
1003,0.4216681376875552
1004,0.4547834364588291
1005,0.3528434268833087
1006,0.3699903194578896
1007,0.4265625
1008,0.42185430463576157
1009,0.4173400305743612
1010,0.30674157303370786
1011,0.42589703588143524
1012,0.4729027468448404
1013,0.39385820280296785
1014,0.4990859232175503
1015,0.4168848167539267
1016,0.3640693465421985
1017,0.4262770466205666
1018,0.3376921717617954
1019,0.385049365303244
1020,0.4567399617590822
1021,0.398125
1022,0.4319620253164557
1023,0.4188952213941254
1024,0.40359028511087647
1025,0.4263721552878179
1026,0.4402211472011057
1027,0.38365790002007627
1028,0.4187116564417178
1029,0.36757068667051357
1030,0.3340325117986366
1031,0.4019772822885991
1032,0.25197784810126583
1033,0.37849079025549615
1034,0.3900796080832823
1035,0.35907553551296506
1036,0.484779299847793
1037,0.4188034188034188
1038,0.44246353322528365
1039,0.37774263688475984
1040,0.45327324478178366
1041,0.38920570264765786
1042,0.34370503597122304
1043,0.42589703588143524
1044,0.2532467532467532
1045,0.4006289308176101
1046,0.3014671083767156
1047,0.44743619761180053
1048,0.34210526315789475
1049,0.4172489082969432
1050,0.45381144621230113
1051,0.3521282476506357
1052,0.39829095456440183
1053,0.4257072844731566
1054,0.38181818181818183
1055,0.2912665752171925
1056,0.43471337579617836
1057,0.3475177304964539
1058,0.42027710578403343
1059,0.3764775413711584
1060,0.37106796116504853
1061,0.38473927924300383
1062,0.3506422018348624
1063,0.43098782138024355
1064,0.2723774230330673
1065,0.41834500875656744
1066,0.4222271321254971
1067,0.3960621761658031
1068,0.4882473173224323
1069,0.328125
1070,0.2549019607843137
1071,0.3637228778073848
1072,0.43590328467153283
1073,0.42646730640482033
1074,0.42185430463576157
1075,0.3857488897860315
1076,0.4271345552078677
1077,0.4272300469483568
1078,0.4071154665530464
1079,0.3980420745677984
1080,0.43840330350997936
1081,0.33520435011401506
1082,0.4188034188034188
1083,0.40282462057335583
1084,0.3927250308261406
1085,0.3960621761658031
1086,0.4710377125955139
1087,0.3316556751128081
1088,0.32133848999495546
1089,0.39887288666249215
1090,0.42213386348575216
1091,0.3979591836734694
1092,0.4187116564417178
1093,0.4006289308176101
1094,0.3737531781732838
1095,0.37879088206144695
1096,0.42532828844869797
1097,0.36186328346903995
1098,0.42027710578403343
1099,0.40138626339004413
1100,0.3707080504364694
1101,0.3500641143066496
1102,0.44901315789473684
1103,0.3649035707466107
1104,0.4409321642824181
1105,0.441543438077634
1106,0.3697040046430644
1107,0.3584021005251313
1108,0.4224137931034483
1109,0.45565092989985695
1110,0.3462583801413299
1111,0.3642081189251001
1112,0.37573731812819505
1113,0.4456623134328358
1114,0.40461571035358884
1115,0.46059291395516994
1116,0.3325213154689403
1117,0.259435243008417
1118,0.30434782608695654
1119,0.38473927924300383
1120,0.4267530147387226
1121,0.43790100824931255
1122,0.42381902860944776
1123,0.4185282522996058
1124,0.4400184204466958
1125,0.4095585083583369
1126,0.4506012732846027
1127,0.4809967279134156
1128,0.4141742522756827
1129,0.3761811023622047
1130,0.33907026259758694
1131,0.407202216066482
1132,0.4498587570621469
1133,0.34556962025316457
1134,0.39787632729544037
1135,0.4080717488789238
1136,0.4272300469483568
1137,0.47138628515046865
1138,0.46439854191980556
1139,0.3409455842997324
1140,0.4453507340946166
1141,0.3708519309140307
1142,0.5150943396226415
1143,0.3301658604008293
1144,0.43530751708428245
1145,0.35186890075492544
1146,0.3733880422039859
1147,0.4625998547567175
1148,0.45948545323395046
1149,0.4191708708050011
1150,0.4477507029053421
1151,0.4269436997319035
1152,0.35520446096654273
1153,0.3955702753053198
1154,0.467580132126254
1155,0.44205412907702984
1156,0.4171578258022266
1157,0.46780905752753976
1158,0.41861993428258487
1159,0.419631093544137
1160,0.4312796208530806
1161,0.3564633463905988
1162,0.3682790518404317
1163,0.40728900255754474
1164,0.422787610619469
1165,0.32264055377342565
1166,0.4147135416666667
1167,0.44754098360655736
1168,0.4356051971734671
1169,0.4016393442622951
1170,0.3841206030150754
1171,0.26142270861833106
1172,0.35232300884955753
1173,0.4228811684000885
1174,0.37426556991774385
1175,0.36595174262734587
1176,0.3359704641350211
1177,0.4719683872561126
1178,0.3620003788596325
1179,0.49
1180,0.4425660027790644
1181,0.4089450032099294
1182,0.3774442030416749
1183,0.3608383685800604
1184,0.3755896226415094
1185,0.4287637424276419
1186,0.335498595505618
1187,0.35527049637479086
1188,0.3776679841897233
1189,0.37751876728565786
1190,0.3725146198830409
1191,0.43830275229357796
1192,0.31498269325861217
1193,0.4690721649484536
1194,0.45750538664113
1195,0.4089450032099294
1196,0.46987951807228917
1197,0.4434903689951265
1198,0.43520838077886587
1199,0.40054495912806537
1200,0.3092233009708738
1201,0.43840330350997936
1202,0.39216088651754566
1203,0.4217612006179651
1204,0.3907176446534451
1205,0.46417294146222976
1206,0.43830275229357796
1207,0.39639079029247043
1208,0.3588732394366197
1209,0.42269409422694093
1210,0.42260061919504643
1211,0.3665132336018412
1212,0.43186440677966104
1213,0.3509641873278237
1214,0.39329080057625027
1215,0.35083532219570407
1216,0.4257072844731566
1217,0.40746268656716417
1218,0.3272820688474054
1219,0.4305993690851735
1220,0.4314743734477309
1221,0.40470139771283353
1222,0.2541899441340782
1223,0.38786279683377306
1224,0.44607843137254904
1225,0.3565963799216272
1226,0.3822
1227,0.34961580680570803
1228,0.4194468832309043
1229,0.3452574525745257
1230,0.3498718418161845
1231,0.3568627450980392
1232,0.47220163083765754
1233,0.2970158532794529
1234,0.34859540313754106
1235,0.3391304347826087
1236,0.45706768715618273
1237,0.33056564608199274
1238,0.42260061919504643
1239,0.40920770877944324
1240,0.3721518987341772
1241,0.41435385949696446
1242,0.34106728538283065
1243,0.41363636363636364
1244,0.2823164426059979
1245,0.4647373540856031
1246,0.38098086124401914
1247,0.34333453108156664
1248,0.34544468546637747
1249,0.45684915132679893
1250,0.3372749735262972
1251,0.457286432160804
1252,0.26088737201365186
1253,0.3645555131629149
1254,0.4609261939218524
1255,0.3569960769661872
1256,0.4368
1257,0.42485549132947975
1258,0.4393103448275862
1259,0.5237051246916964
1260,0.43840330350997936
1261,0.31586776859504134
1262,0.3495518565941101
1263,0.4684971806815396
1264,0.3992061834134113
1265,0.4480656506447831
1266,0.34296482412060303
1267,0.44859154929577466
1268,0.39329080057625027
1269,0.4693025540275049
1270,0.43780068728522337
1271,0.3776679841897233
1272,0.36835003855050114
1273,0.3704206241519674
1274,0.4477507029053421
1275,0.46003851709195953
1276,0.3699903194578896
1277,0.29197860962566846
1278,0.39023892178885033
1279,0.46394756008739985
1280,0.4619289340101523
1281,0.3717898832684825
1282,0.4010493179433368
1283,0.36686504127471686
1284,0.4006289308176101
1285,0.3716452742123687
1286,0.40789754535752404
1287,0.4882473173224323
1288,0.4435933147632312
1289,0.38849359625940233
1290,0.4403225806451613
1291,0.35606484069312466
1292,0.4130105900151286
1293,0.43770041227668344
1294,0.44462540716612375
1295,0.3699186991869919
1296,0.3768487477815027
1297,0.5684116597263533
1298,0.4400184204466958
1299,0.3407631954350927
1300,0.3851269649334946
1301,0.450920245398773
1302,0.36268741696716644
1303,0.36351531291611183
1304,0.43640100479561544
1305,0.35434822918598186
1306,0.4290525370453525
1307,0.3983739837398374
1308,0.4578342117872544
1309,0.37856576862123614
1310,0.4354066985645933
1311,0.49571984435797667
1312,0.4477507029053421
1313,0.457286432160804
1314,0.3901592486729277
1315,0.31286836935166995
1316,0.43870523415977963
1317,0.3487226277372263
1318,0.41220880069025023
1319,0.2568548387096774
1320,0.5225594749794914
1321,0.4075495841330774
1322,0.40938303341902316
1323,0.44011976047904194
1324,0.3402777777777778
1325,0.36792452830188677
1326,0.3722969023962595
1327,0.3667946257197697
1328,0.4434903689951265
1329,0.4083333333333333
1330,0.4343181818181818
1331,0.385049365303244
1332,0.3925636811832375
1333,0.3919196062346185
1334,0.4421564090698751
1335,0.3213925327951564
1336,0.4002932551319648
1337,0.4336283185840708
1338,0.37826603325415675
1339,0.32351447435246317
1340,0.43157181571815717
1341,0.42111062141912736
1342,0.3185
1343,0.3237885462555066
1344,0.4450395901257569
1345,0.43810178817056394
1346,0.36778290993071594
1347,0.35238797713442743
1348,0.42438374417055297
1349,0.3828125
1350,0.43860454441129215
1351,0.36386138613861385
1352,0.411144578313253
1353,0.42561247216035636
1354,0.4496470588235294
1355,0.3816656680647094
1356,0.42185430463576157
1357,0.36248103186646435
1358,0.4296312949640288
1359,0.3701336432306798
1360,0.3983739837398374
1361,0.43739986266880293
1362,0.33321708805579775
1363,0.3442622950819672
1364,0.35853658536585364
1365,0.46884200196270853
1366,0.4526290857413548
1367,0.4368
1368,0.4409321642824181
1369,0.4334316171467453
1370,0.4388059701492537
1371,0.428956228956229
1372,0.43030848907903624
1373,0.40772349050565393
1374,0.4966216216216216
1375,0.3857488897860315
1376,0.4791875626880642
1377,0.41354685133088076
1378,0.39385820280296785
1379,0.42847533632286994
1380,0.3430879712746858
1381,0.35219314412089936
1382,0.42532828844869797
1383,0.4145336225596529
1384,0.4390075809786354
1385,0.43333333333333335
1386,0.4504950495049505
1387,0.37063615205585726
1388,0.459375
1389,0.4511331444759207
1390,0.3819708175094943
1391,0.316495528320636
1392,0.45641270599474565
1393,0.39704965717847496
1394,0.4416454818581003
1395,0.3645555131629149
1396,0.33520435011401506
1397,0.37871581450653985
1398,0.42885996409335725
1399,0.4087700534759358
1400,0.42485549132947975
1401,0.35853658536585364
1402,0.3468239564428312
1403,0.4287637424276419
1404,0.2575818843509907
1405,0.37588512981904015
1406,0.3336243016759777
1407,0.4126538544590801
1408,0.46678065461651197
1409,0.406163655685441
1410,0.3715007776049767
1411,0.38181818181818183
1412,0.3637228778073848
1413,0.43157181571815717
1414,0.47775
1415,0.39787632729544037
1416,0.43590328467153283
1417,0.39854014598540144
1418,0.4119422289286484
1419,0.4223204419889503
1420,0.34186046511627904
1421,0.3607021517553794
1422,0.49713839750260147
1423,0.460149289670118
1424,0.40155494851859636
1425,0.37640338782745714
1426,0.4788273615635179
1427,0.4367001828153565
1428,0.3549405646359584
1429,0.4126538544590801
1430,0.457286432160804
1431,0.3904781364936657
1432,0.3674293405114401
1433,0.4733713153331682
1434,0.4259919750334374
1435,0.44754098360655736
1436,0.3466981132075472
1437,0.3202614379084967
1438,0.4145336225596529
1439,0.3385296722763508
1440,0.3992895946510656
1441,0.4058186451475897
1442,0.423349579087284
1443,0.4394113589330881
1444,0.34296482412060303
1445,0.37063615205585726
1446,0.3237885462555066
1447,0.35867117117117114
1448,0.3547428995730462
1449,0.3975452465154982
1450,0.3975452465154982
1451,0.266304347826087
1452,0.3743388834476004
1453,0.3729508196721312
1454,0.35766423357664234
1455,0.4569583931133429
1456,0.4267530147387226
1457,0.3911975435005118
1458,0.36351531291611183
1459,0.41825344714379514
1460,0.44649532710280376
1461,0.40824610126041444
1462,0.38896804396499085
1463,0.38968189233278955
1464,0.4134573777585461
1465,0.37056428155904597
1466,0.4395124195032199
1467,0.45166627274875915
1468,0.2769966661835049
1469,0.43501024356931484
1470,0.4237250554323725
1471,0.422787610619469
1472,0.3754420432220039
1473,0.4271345552078677
1474,0.4456623134328358
1475,0.42943820224719104
1476,0.5594262295081968
1477,0.45187987703948923
1478,0.4419518963922294
1479,0.33467600700525396
1480,0.3528434268833087
1481,0.35343073793230995
1482,0.4514528703047484
1483,0.43079350766456265
1484,0.45155954631379963
1485,0.42046204620462047
1486,0.4749005964214712
1487,0.4104381443298969
1488,0.4045300592718036
1489,0.44338747099767983
1490,0.43699977132403384
1491,0.3283505154639175
1492,0.44618258230212465
1493,0.3624122890195335
1494,0.4102619149849721
1495,0.32466870540265036
1496,0.4427710843373494
1497,0.32395321240888286
1498,0.31493078444297956
1499,0.4083333333333333
1500,0.4187116564417178
1501,0.4409321642824181
1502,0.473019801980198
1503,0.32466870540265036
1504,0.39995814148179154
1505,0.392483056069008
1506,0.3602262016965127
1507,0.4656432748538012
1508,0.316495528320636
1509,0.3417993203362547
1510,0.4164305949008499
1511,0.4523076923076923
1512,0.3358523725834798
1513,0.4457662701189643
1514,0.4514528703047484
1515,0.42751677852348996
1516,0.4087700534759358
1517,0.42561247216035636
1518,0.4045300592718036
1519,0.26060275467066685
1520,0.382123575284943
1521,0.41096774193548385
1522,0.44680851063829785
1523,0.445870275314979
1524,0.4531657576476168
1525,0.41354685133088076
1526,0.39945652173913043
1527,0.3339741349178609
1528,0.4254229741763135
1529,0.40350506756756754
1530,0.3498718418161845
1531,0.33339148639218424
1532,0.4312796208530806
1533,0.42992125984251967
1534,0.3287459143299501
1535,0.4390075809786354
1536,0.4065957446808511
1537,0.4332350940829744
1538,0.4409321642824181
1539,0.3584021005251313
1540,0.42828328103989244
1541,0.445870275314979
1542,0.39721471627520266
1543,0.4681528662420382
1544,0.3616578349735049
1545,0.39565217391304347
1546,0.3623435722411832
1547,0.4102619149849721
1548,0.38098086124401914
1549,0.44880225457961487
1550,0.42250718549635197
1551,0.4170667830641641
1552,0.3953247827885809
1553,0.43699977132403384
1554,0.4544589774078478
1555,0.4704579025110783
1556,0.4090325342465753
1557,0.488871834228703
1558,0.38497179693795325
1559,0.3841978287092883
1560,0.4188952213941254
1561,0.39345274861025326
1562,0.4139051332033788
1563,0.4419518963922294
1564,0.2926493108728943
1565,0.3772206869324911
1566,0.43770041227668344
1567,0.43001800180018
1568,0.3717898832684825
1569,0.3830426939266386
1570,0.4172489082969432
1571,0.4048728813559322
1572,0.39483471074380166
1573,0.3607021517553794
1574,0.40020942408376964
1575,0.3898408812729498
1576,0.4169757800567314
1577,0.32477906186267846
1578,0.4089450032099294
1579,0.34204403078575263
1580,0.367217524980784
1581,0.4450395901257569
1582,0.3303370786516854
1583,0.3514159617506436
1584,0.43225514589459396
1585,0.3633079847908745
1586,0.3512867647058823
1587,0.4314743734477309
1588,0.3579992506556763
1589,0.42269409422694093
1590,0.3519337016574586
1591,0.4140845070422535
1592,0.4267530147387226
1593,0.5295095594347464
1594,0.36757068667051357
1595,0.35019241341396373
1596,0.36920401854714063
1597,0.38151327610301455
1598,0.4160679294578707
1599,0.3579992506556763
1600,0.41158733577428386
1601,0.4276124412620273
1602,0.3689189189189189
1603,0.4168848167539267
1604,0.4033347403967919
1605,0.38466183574879226
1606,0.42027710578403343
1607,0.32171717171717173
1608,0.441543438077634
1609,0.3567961165048544
1610,0.33973333333333333
1611,0.4040169133192389
1612,0.36131593874078277
1613,0.3945086705202312
1614,0.44072878228782286
1615,0.42847533632286994
1616,0.4216681376875552
1617,0.35520446096654273
1618,0.4188952213941254
1619,0.4400184204466958
1620,0.3969671790610719
1621,0.49328859060402686
1622,0.42532828844869797
1623,0.4349112426035503
1624,0.4008810572687225
1625,0.2787746170678337
1626,0.3215006729475101
1627,0.39639079029247043
1628,0.47057375030780596
1629,0.29305321269743906
1630,0.42857142857142855
1631,0.47870741482965934
1632,0.3408847663217981
1633,0.43510928961748635
1634,0.43590328467153283
1635,0.4138155045474231
1636,0.460149289670118
1637,0.33781156089800246
1638,0.4141742522756827
1639,0.4116760017233951
1640,0.4403225806451613
1641,0.36002260738507913
1642,0.4000418672807201
1643,0.4557595993322204
1644,0.4223204419889503
1645,0.35369239311493617
1646,0.4273255813953488
1647,0.4331368993653672
1648,0.41274298056155506
1649,0.3600904465799887
1650,0.4008810572687225
1651,0.3732421875
1652,0.4434903689951265
1653,0.37236944660950894
1654,0.4130105900151286
1655,0.3745589964719718
1656,0.3558659217877095
1657,0.38606060606060605
1658,0.36248103186646435
1659,0.4502827521206409
1660,0.5416666666666666
1661,0.4334316171467453
1662,0.4771535580524345
1663,0.4069420783645656
1664,0.46439854191980556
1665,0.4306964164976335
1666,0.4794279979929754
1667,0.4396135265700483
1668,0.4091201027617213
1669,0.41834500875656744
1670,0.35753040224508886
1671,0.38606060606060605
1672,0.24260505268503238
1673,0.45663082437275987
1674,0.3926443394288062
1675,0.4327445652173913
1676,0.336799436023969
1677,0.4693025540275049
1678,0.3269461077844311
1679,0.3690614136732329
1680,0.4673514306676449
1681,0.4499646809512597
1682,0.33368255631220534
1683,0.32616487455197135
1684,0.32085292142377436
1685,0.33846971307120083
1686,0.4013019739605208
1687,0.41079105760963025
1688,0.4276124412620273
1689,0.30698795180722893
1690,0.359278059785674
1691,0.43412085415720125
1692,0.4241011984021305
1693,0.41972325938941357
1694,0.41363636363636364
1695,0.39345274861025326
1696,0.35186890075492544
1697,0.2852238805970149
1698,0.43021161638901395
1699,0.45586832061068705
1700,0.38944365192582026
1701,0.44628678187762727
1702,0.4155251141552511
1703,0.37426556991774385
1704,0.4261819803746655
1705,0.42185430463576157
1706,0.4312796208530806
1707,0.2852238805970149
1708,0.31623365877875226
1709,0.34581976112920737
1710,0.4217612006179651
1711,0.42684833593924504
1712,0.4232558139534884
1713,0.4354066985645933
1714,0.3729508196721312
1715,0.42914888838984955
1716,0.42194744976816073
1717,0.42391304347826086
1718,0.4004610226320201
1719,0.4102619149849721
1720,0.4541349809885932
1721,0.49354338842975204
1722,0.41123305358295675
1723,0.36927536231884056
1724,0.4422587364036103
1725,0.35369239311493617
1726,0.4636098981077147
1727,0.43640100479561544
1728,0.3369181946403385
1729,0.33817023535657403
1730,0.4237250554323725
1731,0.4337267362687245
1732,0.4246666666666667
1733,0.4523076923076923
1734,0.45827338129496403
1735,0.3996235884567127
1736,0.43729977116704805
1737,0.37529457973291436
1738,0.39377704512672573
1739,0.4981751824817518
1740,0.40625
1741,0.4567399617590822
1742,0.46826758147512865
1743,0.4368
1744,0.3927250308261406
1745,0.40564635958395245
1746,0.433529945553539
1747,0.4178876011371091
1748,0.39459013008465826
1749,0.4070287539936102
1750,0.4137259147001515
1751,0.3344417220861043
1752,0.32204246713852375
1753,0.43890675241157556
1754,0.44266851980542044
1755,0.40947075208913647
1756,0.4222271321254971
1757,0.4319620253164557
1758,0.5197171607288551
1759,0.3857488897860315
1760,0.41779623961521645
1761,0.4405255878284924
1762,0.4410339256865913
1763,0.47798899449724863
1764,0.41480355980030387
1765,0.39895615866388306
1766,0.3350280504908836
1767,0.4632727272727273
1768,0.4128321451717434
1769,0.42381902860944776
1770,0.312
1771,0.3641387195121951
1772,0.3147233201581028
1773,0.4065957446808511
1774,0.39987445072190836
1775,0.4148936170212766
1776,0.4025700442384664
1777,0.26416920099529995
1778,0.4344169129347579
1779,0.3223684210526316
1780,0.41935483870967744
1781,0.34370503597122304
1782,0.4173400305743612
1783,0.3901592486729277
1784,0.4451432564640112
1785,0.4465996728207525
1786,0.45177304964539006
1787,0.4829416224412434
1788,0.36700595352410215
1789,0.4188034188034188
1790,0.44266851980542044
1791,0.3563968668407311
1792,0.36117936117936117
1793,0.39970717423133234
1794,0.24658064516129033
1795,0.35019241341396373
1796,0.40815890645023495
1797,0.3660919540229885
1798,0.29454377311960545
1799,0.42457231726283046
1800,0.41779623961521645
1801,0.36186328346903995
1802,0.43137697516930024
1803,0.37056428155904597
1804,0.4358038768529076
1805,0.44680851063829785
1806,0.41661216481360364
1807,0.4704579025110783
1808,0.392080426754206
1809,0.4075495841330774
1810,0.3616578349735049
1811,0.47150259067357514
1812,0.3868421052631579
1813,0.32840694277367244
1814,0.4614827336392176
1815,0.3949163050216987
1816,0.3550065019505852
1817,0.39622641509433965
1818,0.3241730279898219
1819,0.41861993428258487
1820,0.3845070422535211
1821,0.4980453479280688
1822,0.423349579087284
1823,0.3778173190984579
1824,0.37640338782745714
1825,0.4551083591331269
1826,0.42157511581733953
1827,0.4486968772012209
1828,0.28202479338842973
1829,0.49062901155327343
1830,0.3409455842997324
1831,0.3407631954350927
1832,0.20484510665666203
1833,0.3524529693839911
1834,0.37834092258958624
1835,0.39475315017558354
1836,0.4395124195032199
1837,0.4139051332033788
1838,0.3432112068965517
1839,0.3807531380753138
1840,0.4241011984021305
1841,0.40999785453765286
1842,0.4545670789724072
1843,0.4195389681668496
1844,0.4629360465116279
1845,0.419631093544137
1846,0.40113350125944586
1847,0.4053022269353128
1848,0.3590080781514184
1849,0.3417381974248927
1850,0.4727857496288966
1851,0.44452198185624564
1852,0.3953247827885809
1853,0.40815890645023495
1854,0.39630858564910826
1855,0.42828328103989244
1856,0.3439524838012959
1857,0.2804520105664808
1858,0.40113350125944586
1859,0.44954128440366975
1860,0.3697040046430644
1861,0.42009232798417234
1862,0.4269436997319035
1863,0.43780068728522337
1864,0.3186593296648324
1865,0.43225514589459396
1866,0.36227488151658765
1867,0.4789473684210526
1868,0.42580213903743314
1869,0.42269409422694093
1870,0.43510928961748635
1871,0.38746958637469586
1872,0.45717703349282296
1873,0.33955223880597013
1874,0.3992061834134113
1875,0.36172629187961386
1876,0.4173400305743612
1877,0.3879415347137637
1878,0.43790100824931255
1879,0.3540200074101519
1880,0.33045132284281514
1881,0.35102865540044087
1882,0.41926283457656865
1883,0.3754420432220039
1884,0.3588732394366197
1885,0.37976947535771066
1886,0.3572630398205272
1887,0.39434585224927776
1888,0.3202614379084967
1889,0.3521282476506357
1890,0.4185282522996058
1891,0.43137697516930024
1892,0.4498587570621469
1893,0.3512222018011395
1894,0.3831194867682438
1895,0.3225316455696203
1896,0.4277081468218442
1897,0.4298245614035088
1898,0.33414932680538556
1899,0.2852238805970149
1900,0.3283505154639175
1901,0.3329848405645583
1902,0.4142640364188164
1903,0.40189274447949525
1904,0.4589337175792507
1905,0.40633638103338293
1906,0.43971468016566956
1907,0.4137259147001515
1908,0.4102619149849721
1909,0.3478973238667395
1910,0.4304054054054054
1911,0.3620689655172414
